rule_id,domain,severity,name,description,jitx_coverage_status,responsible_skill,introspection_api_needed,gap_notes
PWR_DECPL_001,Power,Critical,IC power pins must be locally decoupled,Every IC power pin should have at least one local high-frequency decoupling capacitor placed close to the pin.,future-design-review,phase-3b-audit,"board.distance(pin, component)",100nF within 5mm of IC pin - needs placement introspection
HS_DIFF_001,HighSpeed+EMC,Critical,Differential pair must not cross plane splits,High-speed differential pairs should be routed over a continuous reference plane to ensure stable impedance and return paths.,future-design-review,phase-3b-audit,board.plane_continuity_under(net),Diff pair over continuous reference - introspection needed
AN_OPAMP_001,Analog+MixedSignal,Major,Op-amp common-mode range must be respected,All op-amp inputs must remain within the valid common-mode input range across operating conditions.,uncovered-authorable,references/domains/analog-mixed-signal.md,,"Op-amp CM range - selection-time check, no current home"
EMC_ESD_001,EMC,Major,External connectors must have ESD protection nearby,External-facing connectors should include ESD protection components placed close to the connector.,partial,references/domains/external-interfaces.md,"board.distance(component, component)","TVS <=10mm from connector - presence covered, distance future"
AN_ADC_001,Analog+MixedSignal,Major,ADC input must be protected and filtered,ADC inputs should include input protection components and appropriate anti-aliasing filters.,uncovered-authorable,references/domains/analog-mixed-signal.md,,ADC input clamp + anti-alias filter
DFT_TP_001,DFT,Minor,Critical rails and signals need test points,All major power rails and important clocks/resets should have test points or exposed vias for measurement.,uncovered-authorable,references/domains/dft.md,,Test points on power rails - schematic-time check
HS_DDR_001,HighSpeed,Critical,DDR: Data/Address/Command length matching,DDR data (DQ/DQS) and address/command lines must be length matched within specified tolerances to ensure proper timing.,covered,jitx-interconnect-constraints,,DDR length matching - protocol-standard SI constraints
HS_DDR_002,HighSpeed+Power,Major,DDR: VREF/VTT/VDDQ rail integrity,"DDR reference voltage (VREF), termination voltage (VTT), and data power (VDDQ) rails must be stable and properly decoupled.",covered,jitx-circuit-builder,,DDR VREF/VTT/VDDQ rail decoupling - per-rail decoupling discipline + Power Circuit checklist
HS_SER_001,HighSpeed,Critical,High-speed serial: Differential impedance control,"High-speed differential pairs (USB3, PCIe, LVDS, MIPI) must be routed with controlled differential impedance (typically 90 or 100 ohms).",covered,jitx-substrate-modeler,,USB3/PCIe/MIPI 90-100Ω - routing structures
HS_SER_002,HighSpeed+EMC,Critical,High-speed serial: Max vias and plane splits,High-speed serial differential pairs should have a minimal number of vias and must not cross plane splits to maintain signal integrity.,partial,phase-3b-audit,"board.via_count(net), board.plane_split_under(net)","<=2 vias per trace, no plane splits"
HS_CLK_001,HighSpeed,Major,Clock nets: Single-source driving & termination,Clock signals should ideally be driven by a single source and properly terminated to prevent reflections and ringing.,partial,references/domains/high-speed-si.md,,"Single driver, 33Ω series term - termination decision missing at authoring"
PWR_BUCK_001,Power,Critical,Buck converter hot loop minimization,"The input capacitor, switching FET, and output diode (for asynchronous) or top/bottom FETs (for synchronous) form a high dI/dt 'hot loop' in buck converters. This loop area must be minimized.",future-design-review,phase-3b-audit,board.loop_area(net_set),"Hot loop <=20mm² - currently only abstract ""minimize"" via SwTag"
PWR_BUCK_002,Power,Major,Buck converter input/output capacitor placement,Input and output capacitors for buck converters must be placed immediately adjacent to the IC to maintain stable operation and filter switching noise.,future-design-review,phase-3b-audit,board.placement_side(component),Caps on same side as IC - placement introspection
PWR_RATING_001,Power,Major,Inductor saturation current margin,Power inductors in SMPS circuits must have a saturation current rating significantly higher than the peak inductor current to avoid saturation and loss of inductance.,partial,references/domains/component-selection.md,,Inductor Isat >= 1.2-1.5x peak - checklist mentions but no quantitative gate
PWR_RATING_002,Power,Major,FET/Diode voltage rating margin,"Switching FETs and diodes in SMPS must have a voltage rating significantly higher than the maximum expected voltage across them (e.g., VIN for buck, VOUT for boost).",partial,references/domains/component-selection.md,,FET/diode Vds >= 1.2-1.5x max transient
PWR_COMP_001,Power,Critical,Presence of SMPS compensation network,Switching mode power supplies (SMPS) often require an external compensation network to ensure stable operation over various load and line conditions.,covered,jitx-circuit-builder,,Type II/III compensation network - covered by Power Circuit checklist
AN_OPAMP_002,Analog,Major,Op-amp stability with large capacitive loads,Driving large capacitive loads with op-amps can lead to instability (oscillation).,uncovered-authorable,references/domains/analog-mixed-signal.md,,Cap-load isolation resistor for op-amp
AN_OPAMP_003,Analog,Major,Op-amp feedback network topology,"The topology of the feedback network (e.g., inverting, non-inverting, differentiator, integrator) must be appropriate for the desired function and stability.",partial,jitx-circuit-builder,,Feedback topology matches function - datasheet compliance partial cover
AN_ADC_002,Analog,Major,ADC driver bandwidth vs sampling rate,The bandwidth of the ADC driver amplifier must be sufficient for the ADC's sampling rate and input signal characteristics to avoid signal distortion.,uncovered-authorable,references/domains/analog-mixed-signal.md,,ADC driver BW >= 3-5x Fs
AN_ADC_003,Analog,Major,ADC input RC anti-alias filters,ADC inputs typically require an RC anti-alias filter to prevent unwanted high-frequency signals from folding back into the desired frequency band (aliasing).,uncovered-authorable,references/domains/analog-mixed-signal.md,,RC anti-alias tuned to Nyquist
AN_SENSOR_001,Analog,Major,High-impedance nodes isolation,"High-impedance analog nodes (e.g., sensor inputs, op-amp inputs) are susceptible to noise coupling and leakage currents and must be properly isolated.",future-design-review,phase-3b-audit,board.guard_ring(net),High-impedance sensor guard ring
EMC_ESD_002,EMC,Major,EMI filter placement at connector boundary,"EMI filters (e.g., common-mode chokes, pi filters) should be placed as close as possible to the connector boundary to be effective.",covered,references/domains/external-interfaces.md,,EMI filter at connector boundary - ESD-or-justification table
EMC_PATH_001,EMC+Power+HighSpeed,Critical,Return paths for high di/dt currents,"High di/dt currents (e.g., from SMPS, high-speed drivers) require a direct, low-inductance return path to prevent ground bounce and EMI.",partial,references/domains/thermal-and-emc-workflow.md,board.return_path(net),"Return paths for high dI/dt - net class exists, no quantitative gate"
EMC_STITCH_001,EMC,Minor,Ground stitching near board edges and layer changes,"Ground pours on different layers should be stitched together with vias, especially along board edges and where signals change layers, to ensure a low-impedance path and contain EMI.",future-design-review,references/domains/thermal-and-emc-workflow.md,board.stitch_via_spacing(layer),Stitching vias at edges/layer transitions (rule is qualitative); <=20mm spacing is a JITX engineering default
THM_PWR_001,Thermal,Major,Power density and copper area for thermal dissipation,High power density components require adequate copper area on adjacent layers for effective heat spreading and dissipation.,uncovered-authorable,references/domains/thermal-and-emc-workflow.md,,Adequate copper area on adjacent layers for heat spreading (qualitative); the numeric area-per-watt budget is THM_PWR_002
THM_VIA_001,Thermal,Major,Thermal via arrays for heat transfer to other layers,Components with thermal pads or high heat dissipation should utilize arrays of thermal vias to transfer heat efficiently to internal copper planes or heatsinks.,future-design-review,phase-3b-audit,board.thermal_via_density(component),Thermal via 8-12/cm²
MEC_CONN_001,Mechanical,Minor,Connector mechanical reinforcement,"Connectors, especially those subjected to frequent mating/unmating cycles or external forces, require mechanical reinforcement (e.g., mounting screws, large solder pads, thru-hole pins).",uncovered-authorable,references/domains/mechanical.md,,Connector strain relief / locking tabs
DFT_FID_001,DFT+Mechanical,Major,Fiducials for pick and place alignment,PCBs must have at least 2 fiducial markers placed in opposite corners of the board for pick and place machine alignment.,uncovered-authorable,references/domains/dfm.md,,Panel fiducials >=3 L-shape - DFM authoring rule
MEC_MOUNT_001,Mechanical+DFT,Major,Mounting holes for board installation,PCBs should include mounting holes for secure installation in enclosures or systems.,uncovered-authorable,references/domains/mechanical.md,,Mounting holes >=2 (preferably >=3)
DFT_TP_002,DFT,Minor,Through-hole ground test point for oscilloscope,A dedicated through-hole ground test point should be provided for oscilloscope ground clip attachment during debugging.,uncovered-authorable,references/domains/dft.md,,Ground test point for scope reference
DFT_SILK_001,DFT,Advisory,Silkscreen area for unit identification marking,"A blank silkscreen box or area should be provided for handwritten unit identification (e.g., serial number, test notes) using a marker.",out-of-band,references/domains/dft.md,,Silkscreen area for unit ID
DFT_SILK_002,DFT,Minor,Board identification silkscreen header,"PCB silkscreen should include a company header with company name, board name, version number, and date for traceability.",out-of-band,references/domains/dft.md,,Board ID header silkscreen
DFT_POL_001,DFT,Major,Polarity marking on power connectors,Power connectors must have clear +/- polarity markings on the silkscreen to prevent reverse polarity connection.,out-of-band,references/domains/dft.md,,Power connector polarity silkscreen
DFT_CONN_LABEL_001,DFT,Minor,Connectors must have descriptive silkscreen labels,"Every connector on the PCB must have a descriptive silkscreen label indicating its function (e.g., 'USB', 'JTAG', 'MOTOR1', 'PWR IN') in addition to the standard reference designator (J1, J2, etc.). Reference designators alone do not convey purpose and slow down assembly, debugging, and field service.",out-of-band,references/domains/dft.md,,Connector function labels on silkscreen
MS_RST_001,MixedSignal,Major,Output lines must have defined state during reset,"All operational output lines (GPIOs configured as outputs, enable signals, chip selects, etc.) must have pull-up or pull-down resistors to ensure a defined, safe state during MCU/IC reset or power-up when outputs are high-impedance.",uncovered-authorable,references/domains/code-hygiene.md,,Reset pin handling
MS_I2C_001,MixedSignal+DFT,Critical,I2C bus pull-ups and test points,"I2C SDA and SCL lines require pull-up resistors for proper open-drain operation, and should have accessible test points for debugging.",covered,jitx/references/domain-checklists.md,,I2C handling - in checklist
SCH_I2C_001,Schematic+MixedSignal,Minor,I2C device address must be annotated on schematic,"Every I2C slave device on the schematic should have its 7-bit (or 10-bit) address annotated as a text note near the component symbol, including the state of any address configuration pins (A0, A1, A2).",covered,jitx/references/domain-checklists.md,,"I2C addresses annotated. JITX note: annotate the address in code (component docstring or comment), not a schematic text note"
SCH_I2C_002,Schematic+MixedSignal,Major,I2C bus must not have address conflicts,No two devices on the same I2C bus may share the same slave address. Address conflicts cause bus contention and communication failures that are difficult to diagnose.,covered,jitx/references/domain-checklists.md,,I2C address conflict check
SCH_NET_001,DFT,Critical,Cross-sheet net labels must have matching connections,Net labels used for cross-sheet references must appear on at least two sheets or locations to form a valid connection. A single orphan label indicates a likely missing connection or typo.,covered,jitx,,Cross-sheet labels - JITX type-checked
DFT_SWD_001,DFT,Critical,SWD debug interface test points for STM32,STM32 designs must include through-hole test points for SWCLK and SWDIO to enable programming and debugging access.,uncovered-authorable,references/domains/dft.md,,STM32 SWD test points
PWR_BUCK_003,Power,Major,Buck converter input capacitor must be on same layer as IC,The input capacitor for a buck converter must be placed on the same PCB surface layer as the IC pins it connects to. Placing it on the opposite side introduces via inductance that creates voltage noise.,future-design-review,phase-3b-audit,board.placement_side(component),Input cap on same layer as buck IC
PWR_BUCK_004,Power+EMC,Major,No GND plane or signal routing directly under inductor,"Ground plane wiring should not be placed immediately below power inductors because magnetic lines of force would pass through the GND layer, causing eddy currents that reduce inductor value and Q factor. Signal lines should also be avoided due to noise coupling.",future-design-review,phase-3b-audit,board.copper_under(component),No pour/routing under inductor - layout introspection
PWR_BUCK_005,Power+EMC,Minor,Switching node copper area must be minimized,"The switching node (SW) copper area should be minimized to reduce parasitic coupling capacitance to other traces. However, it must remain large enough to conduct inductor current and provide heat sinking for power MOSFETs.",future-design-review,phase-3b-audit,board.copper_area(net),Switching node copper minimized
PWR_BUCK_006,Power,Minor,Output capacitor must be separated from input capacitor,The output capacitor should be placed 1-2 cm away from the input capacitor to prevent high-frequency noise on the input from coupling to the output. The grounds of input and output capacitors should not be directly adjacent.,future-design-review,phase-3b-audit,"board.distance(component, component)",Separate input/output cap groups
PWR_DECPL_002,Power,Minor,Use distributed decoupling with multiple smaller capacitors,Multiple smaller capacitors in parallel are preferred over a single large capacitor for decoupling. Ten 10nF capacitors provide lower inductance and better high-frequency performance than one 100nF capacitor.,covered,jitx-circuit-builder,,Multiple smaller caps - circuit-builder enforces 100nF per pin + bulk per domain
PWR_DECPL_003,Power,Minor,Use via-in-pad for BGA decoupling capacitors,"For BGA packages, decoupling capacitors should use via-in-pad to maximize the number of capacitors that can be placed directly under the package and to minimize loop inductance.",future-design-review,phase-3b-audit,board.via_in_pad(component),BGA via-in-pad - needs layout introspection
PWR_DECPL_004,Power,Minor,Use smaller capacitor packages for high-frequency decoupling,"Smaller capacitor packages (0402, 0201) have lower parasitic inductance than larger packages (0805, 1206) and should be used for high-frequency decoupling applications.",uncovered-authorable,references/domains/component-selection.md,,0402/0603 over 0805 for HF - component selection guidance missing
HS_DIFF_002,HighSpeed,Critical,Differential pair traces must maintain symmetry,"Both traces of a differential pair must have identical geometry, spacing, and via placement throughout their length. Any mismatch in length, spacing, or geometry leads to skew, mode conversion, and loss of noise immunity.",covered,jitx-interconnect-constraints,,Symmetric spacing ±2-5 mils - ConstrainDiffPair handles intra-pair skew
HS_DIFF_003,HighSpeed,Critical,Via stubs must be minimized for high-speed signals above 3 Gbps,"At data rates above 3 Gbps, via stubs become a critical source of signal loss. Stub length should be shorter than one-quarter of the signal wavelength, ideally less than one-tenth.",future-design-review,phase-3b-audit,board.via_stub_length(via),Via stub <5 mils >3 Gbps
HS_DIFF_004,HighSpeed,Major,Fiber weave effect must be mitigated for high-speed differential pairs,Fiber weave in PCB substrate can introduce differential skew due to varying dielectric constants between fiberglass (εr≈6) and epoxy (εr≈3). This affects signal integrity at high speeds.,uncovered-authorable,references/domains/high-speed-si.md,,Fiber weave: specify controlled-Dk PCB - substrate material spec
HS_DIFF_005,HighSpeed+EMC,Major,High-speed traces must maintain edge clearance,High-speed traces should be kept at least 10-15 mils away from board edges and plane edges to prevent impedance variation and EMI leakage.,future-design-review,phase-3b-audit,board.distance_to_edge(net),>=10-15 mils from board/plane edges
HS_DIFF_006,HighSpeed,Minor,Prefer inner layer routing for differential pairs,Routing differential pairs on inner layers (stripline) provides better shielding from crosstalk and EMI compared to outer layer (microstrip) routing.,future-design-review,phase-3b-audit,board.layer(net),Prefer inner layers for diff pairs
EMC_ESD_003,EMC,Major,TVS diode must be placed as close as possible to connector,ESD protection TVS diodes must be placed as close as possible to the connector or ESD entry point. The trace length between the connector and TVS should be minimized to reduce inductance.,future-design-review,phase-3b-audit,"board.distance(component, component)",TVS as close to connector as possible
EMC_ESD_004,EMC,Major,TVS diode must have low-impedance ground path,TVS diodes require a low-impedance path to ground to effectively shunt ESD currents. Multiple vias should connect the TVS ground pad to the ground plane.,partial,references/domains/external-interfaces.md,board.via_count(pad),"TVS GND >=2 vias, no thermal reliefs"
EMC_ESD_005,EMC,Minor,Avoid parallel routing near ESD-exposed traces,Board traces should not run parallel to traces that could be exposed to ESD events. Particularly avoid routing traces leading to ESD-sensitive devices parallel to ESD-exposed connector traces.,future-design-review,phase-3b-audit,"board.parallel_traces(net1, net2)",No sensitive signals parallel to ESD-exposed
EMC_ESD_006,EMC+HighSpeed,Major,Use low-capacitance TVS for high-speed data lines,"TVS diodes on high-speed data lines must have low capacitance to avoid signal distortion. High capacitance slows circuit response and degrades signal integrity on USB, Ethernet, HDMI, and similar interfaces.",uncovered-authorable,references/domains/external-interfaces.md,,Low-cap TVS <10pF for USB/Ethernet/DP - selection guidance
EMC_STITCH_002,EMC,Minor,Ground stitching via grid required for copper pours,"When filling top and bottom layers with ground copper pour, a grid of ground stitching vias should be added across the entire PCB. Otherwise, small isolated ground copper areas can act as radiating antennas.",future-design-review,references/domains/thermal-and-emc-workflow.md,board.pour_via_density(net),Copper-pour ground-stitching via grid across board (rule is qualitative); 10-20mm pitch is a JITX engineering default
AN_ADC_004,Analog+MixedSignal,Minor,ADC should be placed at analog/digital boundary,Discrete ADCs should be placed along the boundary between the analog and digital sections of the PCB. This is where analog signals interface with the digital world.,future-design-review,phase-3b-audit,board.placement_zone(component),ADC at analog/digital boundary
AN_ADC_005,Analog+MixedSignal,Major,Connect AGND and DGND at single point at ADC,"Analog ground and digital ground should be connected together at a single point, typically at or under the ADC. This prevents digital return currents from flowing through analog ground.",future-design-review,phase-3b-audit,board.ground_topology(),AGND/DGND star-ground at ADC
AN_ADC_006,Analog+MixedSignal,Major,Digital switching currents must not flow through ADC ground,Return currents from switching loads and digital circuits must not flow through the ADC or sensor section. The path from switching load grounds back to their voltage regulators should not cross the ADC area.,future-design-review,phase-3b-audit,board.return_path(net),Digital switching bypasses ADC ground
AN_ADC_007,Analog+MixedSignal,Major,High-resolution ADC designs should use 4+ layer stackup,High-performance data acquisition systems with precision ADCs should use four or more PCB layers. This provides dedicated ground reference planes essential for impedance control and noise isolation.,covered,jitx-substrate-modeler,,High-resolution ADC: min 4-layer
HS_XTAL_001,HighSpeed+Analog,Major,Crystal must be placed close to MCU oscillator pins,The crystal and its load capacitors must be placed as close as possible to the MCU/IC oscillator pins to minimize parasitic capacitance and interference. Trace length should be minimized.,future-design-review,phase-3b-audit,"board.distance(component, component)",Crystal within 10mm of MCU
HS_XTAL_002,HighSpeed+Analog,Minor,Avoid vias in crystal oscillator traces,Vias should be avoided in the traces connecting the crystal to the MCU oscillator pins. Vias add inductance and parasitic effects that can affect oscillator stability.,future-design-review,phase-3b-audit,board.via_count(net),Avoid vias on crystal traces; symmetric if needed
HS_XTAL_003,HighSpeed+EMC,Major,No routing under crystal on multi-layer PCBs,"Digital, RF, and high-speed signal lines should not be routed under the crystal on internal layers. Crosstalk from digital activity may disturb the oscillator.",future-design-review,phase-3b-audit,board.copper_under(component),No routing/pour under crystal
HS_XTAL_004,HighSpeed+EMC,Minor,Crystal oscillator return currents must be locally contained,"High-frequency return currents from the crystal oscillator circuit should be contained locally and not allowed to flow across the main ground plane, which could turn it into a radiating antenna.",future-design-review,phase-3b-audit,board.return_path(net),Crystal load-cap GND return to MCU GND
HS_XTAL_005,HighSpeed+Analog,Minor,Crystal load capacitors must be within 5mm with matched traces,Load capacitors (NP0/C0G dielectric) must be placed within 5mm of crystal pins with matched-length traces and grounded through low-inductance vias.,future-design-review,phase-3b-audit,"board.distance(component, component), board.trace_length_match",Load caps within 5mm; matched lengths ±1mil
HS_XTAL_006,HighSpeed,Advisory,Avoid right-angle bends in crystal traces,"Right-angle bends in crystal oscillator traces should be avoided. The 45-degree corner region increases capacitance, changing trace impedance and causing reflections.",future-design-review,phase-3b-audit,board.trace_corners(net),No 90° corners on crystal traces
THM_VIA_002,Thermal,Minor,Thermal via diameter should be 0.2-0.4mm,"Thermal vias should have a diameter between 0.2mm and 0.4mm. The optimal diameter for best thermal conductivity is 0.30mm. Use smaller vias for dense designs, larger for maximum heat dissipation.",covered,jitx-substrate-modeler,,Thermal via diameter 0.2-0.4mm - Via definition
THM_VIA_003,Thermal,Minor,Thermal via spacing should prevent solder wicking,Thermal vias should be spaced 0.8-1.2mm apart (center to center) to prevent solder wicking during assembly while maintaining adequate heat transfer.,future-design-review,phase-3b-audit,board.thermal_via_spacing(component),Thermal via spacing <2mm wicking
THM_VIA_004,Thermal,Minor,Thermal via density should be 8-12 vias per square centimeter,"A common guideline is to use 8-12 thermal vias per square centimeter under high-power components, though the specific requirement depends on heat load.",future-design-review,phase-3b-audit,board.thermal_via_density(component),Thermal via density 8-12/cm²
THM_PWR_002,Thermal,Major,Board area requirement for power dissipation,"To dissipate 1 watt of power, the PCB needs approximately 15.3 cm² (2.4 in²) for a 40°C temperature rise. With airflow, this requirement is halved to 7.7 cm² (1.2 in²) per watt.",uncovered-authorable,references/domains/thermal-and-emc-workflow.md,,Board copper area >= 15.3 cm²/W (7.7 cm²/W with airflow) for a 40°C rise - authoring-time copper-area budget
THM_VIA_005,Thermal,Minor,4-layer PCB provides 30% better thermal dissipation than 2-layer,Using a 4-layer PCB design instead of 2-layer can increase power dissipation capacity by up to 30% for the same board area due to additional copper planes for heat spreading.,covered,jitx-substrate-modeler,,4-layer thermal advantage - stackup choice
SCH_PULLUP_001,Analog,Major,Unused op-amp and comparator inputs must be tied properly,Unused op-amps should have their outputs tied to the negative input and positive input tied to ground. Unused comparators should have all pins tied to ground. Floating inputs can cause oscillation and excess power consumption.,covered,jitx/references/domain-checklists.md,,Unused op-amp/comparator inputs tied
SCH_FET_001,Power+MixedSignal,Major,FET gates must have defined state at startup,"MOSFET gates must have a resistor to ensure a defined off-state during startup, reset, or when the driving signal is high-impedance. This prevents uncontrolled switching.",uncovered-authorable,references/domains/code-hygiene.md,,FET gate defined at startup
SCH_UART_001,MixedSignal+DFT,Critical,UART TX/RX connections must be verified for proper crossover,UART connections require TX from one device to connect to RX of the other device. This crossover is a common source of errors in schematic review.,covered,jitx/references/domain-checklists.md,,"UART TX/RX crossover - in checklist. JITX note: verify the TX->RX crossover in the wiring code (net connections), not a schematic"
DFT_DRC_001,DFT,Critical,Run DRC to identify unconnected nets and schematic errors,"The schematic capture tool's Design Rule Check (DRC) feature must be run to identify unconnected nets, duplicate nets, missing power connections, and other common schematic errors.",covered,jitx,,"Schematic DRC - JITX type system + checklist. JITX note: there is no schematic-capture DRC tool; the equivalent is the JITX type system + completion-block grep gates + build, run against the code, not a schematic"
SCH_SYMBOL_001,DFT,Critical,Verify symbol pinouts against datasheet,"Schematic symbol pinouts must be verified against the manufacturer's datasheet, especially for new symbols and parts with multiple package options. Check for errata that may indicate pinout changes.",covered,jitx-component-modeler,,Symbol pinouts vs datasheet - datasheet authority + checklist. JITX note: the Symbol/pin definition lives in component code; verify it against the datasheet there
HS_ROUTE_001,HighSpeed,Minor,Serpentine routing for length matching,Serpentine routing is used to add length to a trace to match the length of other traces in a bus. The geometry of the serpentine routing should be carefully controlled to minimize signal integrity issues.,future-design-review,phase-3b-audit,board.serpentine_spacing(net),Serpentine 4W spacing
HS_MAT_001,HighSpeed,Major,Material selection for high-speed design,"For very high-speed designs (multi-gigabit), the choice of PCB material is critical. Standard FR-4 is lossy at high frequencies and can cause significant signal degradation.",covered,jitx-substrate-modeler,,Controlled-Dk PCB for >2 GHz - material selection
DFT_JTAG_001,DFT,Major,JTAG interface for testing and debugging,"If using ICs that support JTAG, the JTAG signals (TDI, TDO, TCK, TMS, and optionally TRST) should be connected to a standard JTAG header to allow for boundary scan testing and debugging.",uncovered-authorable,references/domains/dft.md,,JTAG/boundary-scan interface
MX_PWR_001,MixedSignal+Power,Major,Separate power supplies for mixed-signal design,Use separate power supplies for the analog and digital sections of the board to prevent digital switching noise from coupling into the analog power rails.,uncovered-authorable,references/domains/analog-mixed-signal.md,,Separate analog/digital supplies for mixed-signal
MX_ROUTE_001,MixedSignal,Minor,Routing techniques for mixed-signal design,"Digital and analog traces should be routed separately to minimize crosstalk. If they must cross, they should do so at a 90-degree angle.",future-design-review,phase-3b-audit,board.trace_crossings_angle(),"Digital/analog separation, 90° crossings"
DFM_TRACE_001,DFT,Major,Minimum trace width and spacing,Trace widths and spacing must meet the PCB manufacturer's minimum capabilities. Standard designs should use at least 6 mil (0.15mm) trace width and spacing. Tighter tolerances increase cost and reduce yield.,covered,jitx-substrate-modeler,,Min trace width >=6 mils - FabricationConstraints
DFM_VIA_001,DFT,Major,Via size and annular ring requirements,Vias must have adequate annular ring width to ensure reliable plating and electrical connection. Drill registration tolerance requires sufficient copper around the hole.,covered,jitx-substrate-modeler,,Via annular ring >=10 mils - Via definition
DFM_ACID_001,DFT,Minor,Acid trap prevention,"Acute angles in copper traces can trap etchant during PCB fabrication, causing over-etching and open circuits. Avoid angles less than 90 degrees in trace routing.",future-design-review,phase-3b-audit,board.acid_traps(),Acid traps at 45°/90° - DRC-style check
DFM_MASK_001,DFT,Major,Solder mask design rules,Solder mask openings and web widths must meet manufacturing minimums to prevent solder bridging and ensure proper mask adhesion.,partial,jitx-substrate-modeler,,Solder mask web >=4 mils - fab rule
DFM_SILK_001,DFT,Minor,Silkscreen clearance and legibility,Silkscreen must not overlap pads or vias and must meet minimum line width and font size requirements for legibility.,out-of-band,references/domains/dfm.md,,Silkscreen clearance/font - silkscreen content
DFM_PANEL_001,DFT,Major,PCB panelization requirements,"Panelized PCBs require proper V-score or breakaway tab design, adequate rails, and consideration for depaneling stress on components.",out-of-band,references/domains/dfm.md,,Panelization V-score clearance
DFM_FID_001,DFT,Major,Fiducial mark placement,"Fiducial marks are required for automated SMT assembly. They must be properly sized, placed, and have adequate clearance for machine vision recognition.",out-of-band,references/domains/dfm.md,,Panel fiducial geometry
DFM_EDGE_001,DFT,Minor,Copper to board edge clearance,Copper features must maintain adequate clearance from board edges to prevent exposure during routing and to allow for manufacturing tolerances.,partial,jitx-substrate-modeler,board.copper_to_edge(),Copper >=10 mils from edge - fab constraint partial
DFM_SLIVER_001,DFT,Minor,Copper and solder mask slivers,"Thin slivers of copper or solder mask can cause shorts, mask adhesion failures, or debris during manufacturing. Minimum feature sizes must be maintained.",future-design-review,phase-3b-audit,board.copper_slivers(),Copper slivers <6 mils removed
DFM_COMP_EDGE_001,DFT,Major,Component placement near board edges,"Components placed too close to board edges can be damaged during depaneling, interfere with pick-and-place machines, or be stressed by board handling. Adequate clearance must be maintained.",future-design-review,phase-3b-audit,board.component_to_edge(),Components >=100 mils from edge
SCH_NET_002,Schematic,Major,Single-pin nets must be flagged,Nets with only one pin indicate unconnected signals and must be flagged during ERC. These often represent missing connections or forgotten wiring.,covered,jitx,,No single-pin nets - JITX builds graph
SCH_NET_003,Schematic,Major,Net names must be consistent across schematic,"The same signal must have identical net names everywhere it appears. Inconsistent naming (case sensitivity, underscores, spaces) creates unintended separate nets.",covered,jitx,,"Net naming consistency - JITX self-attribute names. JITX note: net identity is the Python attribute name on `self`, not a schematic label - consistency is structural"
SCH_NET_004,Schematic,Critical,Avoid duplicate net names for different signals,"Different signals must not share the same net name. Common mistakes include using generic names like VCC for multiple different voltages (3V3, 5V, etc.).",covered,jitx,,No duplicate net names for different signals
SCH_POL_001,Schematic+Component,Critical,Polar capacitor polarity and voltage check,"Verify that polar capacitors (electrolytics, tantalums) have correct polarity in the schematic and that their voltage rating exceeds the applied voltage with adequate margin.",uncovered-authorable,references/domains/code-hygiene.md,,"Polar cap polarity/voltage >=1.5x. JITX note: polarity is set by the polarized-component definition in code; verify there, not on a schematic"
SCH_IC_001,Schematic,Major,Read IC datasheet in detail,"Every IC must be applied according to its datasheet requirements. Check reference designs, application notes, and errata for proper implementation.",covered,jitx,,IC datasheet review - mandatory in component-modeler + circuit-builder
SCH_FLOAT_001,Schematic,Major,Floating digital and ADC inputs must be tied,"Unused digital inputs and ADC inputs must be tied to a known voltage (ground, supply, or bias). Floating CMOS inputs oscillate, consuming excess power and generating noise.",covered,jitx/references/domain-checklists.md,,No floating CMOS inputs - in checklist
SCH_VAL_001,Schematic,Minor,Component value sanity check,"Review all component values for transcription errors. Common mistakes include confusing 10 with 10k, 100 with 100k, or using wrong multiplier prefixes.",partial,jitx-circuit-builder,,"Component value sanity - voltage_divider solver helps, broader gap"
SCH_DNP_001,Schematic,Major,Check mounted and not-mounted component property,Verify the DNP (Do Not Populate) status of all components. Ensure optional components are correctly marked and that required components are not accidentally marked DNP.,uncovered-authorable,references/domains/code-hygiene.md,,DNP status matches BOM/variant
SCH_OPT_001,Schematic,Advisory,Add experimental options for uncertain circuits,"When circuit behavior is uncertain, add options to experiment with different component values or configurations. Include footprints for series resistors, parallel capacitors, or alternate components.",uncovered-authorable,references/domains/code-hygiene.md,,Experimental DNP options - DNP/variant tracking
PWR_RELAY_001,Power,Major,Relay coils need clamping diodes,Relay and solenoid coils generate inductive voltage spikes when switched off. Flyback diodes are required to protect the driving transistor or IC from damage.,uncovered-authorable,references/domains/power.md,,"Relay flyback diode - schematic-level, easy to add as authoring check"
PWR_FUSE_001,Power,Major,Safety fuses for critical circuits,"Add fuses or resettable PTCs where overcurrent could cause component damage, fire hazard, or safety issues. Critical for battery-powered and high-current designs.",uncovered-authorable,references/domains/power.md,,Fuse rating protects wire/connector not just load
PWR_TRACE_002,Power,Major,Wide traces for power consumers,Route power traces first with adequate width for low impedance and current capacity. Power distribution should be planned before signal routing.,partial,jitx-substrate-modeler,"board.trace_width(net), board.trace_resistance(net)","Wide power traces sized for <=20mV drop - high-current net class exists, no I²R calc"
PWR_RES_001,Power,Major,Check DC resistance of supply traces,"High resistance in supply traces causes voltage drop under load, affecting circuit performance. Calculate and verify trace resistance meets requirements.",partial,jitx-substrate-modeler,board.trace_resistance(net),Calculate DC resistance of supply traces
COMP_CAP_001,Component,Major,Y5V capacitors lose 80% capacitance under bias,"Y5V dielectric capacitors can lose up to 80% of their capacitance at rated voltage and temperature extremes. Avoid for decoupling, filtering, and timing-critical applications.",uncovered-authorable,references/domains/component-selection.md,,Y5V DC bias loss - selection guidance
COMP_CAP_002,Component,Minor,Use Class-1 capacitors for precision circuits,"C0G/NP0 (Class-1) capacitors provide stable capacitance with voltage, temperature, and time. Required for oscillators, precision filters, and low-noise analog circuits.",uncovered-authorable,references/domains/component-selection.md,,C0G/NP0 for precision
COMP_CAP_003,Component,Minor,Check electrolytic leakage current,"Electrolytic capacitors have significant leakage current that varies with voltage, temperature, and age. Avoid for low-leakage applications like sample-and-hold circuits.",uncovered-authorable,references/domains/component-selection.md,,Electrolytic leakage incompatible with S/H
COMP_CAP_004,Component,Major,Verify capacitor maximum voltage rating,Capacitor voltage rating must exceed maximum applied voltage including transients. Derate by 50-80% of rated voltage for reliability and long life.,uncovered-authorable,references/domains/component-selection.md,,Cap voltage rating >=1.5-2x applied
COMP_CAP_005,Component,Major,Check electrolytic ripple current and temperature,"Electrolytic capacitor life is strongly affected by ripple current, ambient temperature, and applied voltage. Verify operating conditions are within limits.",evidence-required,references/domains/component-selection.md,,Electrolytic ripple/temp lifetime - needs datasheet field on Capacitor
COMP_CAP_006,Component,Minor,Verify ESR and ESL requirements,Some applications require specific ESR (Equivalent Series Resistance) or ESL (Equivalent Series Inductance) values. SMPS output capacitors and high-frequency decoupling are ESR/ESL critical.,uncovered-authorable,references/domains/component-selection.md,,ESR/ESL critical for SMPS output
COMP_RES_001,Component,Major,Thick-film 1/f noise in low-noise circuits,Thick-film resistors generate significant 1/f (flicker) noise that can dominate in low-noise analog circuits. Use thin-film or metal-film for noise-critical applications.,uncovered-authorable,references/domains/component-selection.md,,Thick-film 1/f noise
COMP_RES_002,Component,Major,Thick-film resistor nonlinearity and tempco,Thick-film resistors exhibit poor linearity and temperature coefficient that can cause distortion in precision analog circuits. Use thin-film for precision applications.,evidence-required,references/domains/component-selection.md,,Resistor networks for matched pairs - requires part-choice metadata
COMP_RES_003,Component,Major,Verify resistor power rating,"Resistor power dissipation must be less than rated power with adequate derating. Undersized resistors overheat, causing drift, degradation, and failure.",uncovered-authorable,references/domains/component-selection.md,,Resistor power derating 50%
COMP_RES_004,Component,Minor,Check resistor inductance for high frequency,All resistors have parasitic inductance that becomes significant at high frequencies. Wire-wound resistors are particularly inductive and unsuitable for RF applications.,uncovered-authorable,references/domains/component-selection.md,,Resistor parasitic L at >10MHz
COMP_IND_001,Component,Minor,Cored inductor tolerance variations,Inductors with ferrite or powdered iron cores can have large tolerance variations (±20% or more). Account for tolerance in filter and SMPS designs.,evidence-required,references/domains/component-selection.md,,Cored inductor tolerance ±20% - needs datasheet field on Inductor
COMP_IND_002,Component,Critical,Check inductor saturation current,"High currents can saturate the inductor core, causing dramatic loss of inductance. Saturation current rating must exceed peak operating current with margin.",uncovered-authorable,references/domains/component-selection.md,,Inductor Isat >=1.3x peak
COMP_IND_003,Component,Minor,Verify inductor self-resonant frequency,Every inductor has a self-resonant frequency (SRF) where parasitic capacitance resonates with inductance. Operating frequency must be well below SRF.,uncovered-authorable,references/domains/component-selection.md,,Inductor SRF rule of thumb >=10x
COMP_IND_004,Component,Minor,Inductor loss factor for high-Q circuits,"For resonators, filters, and oscillators, inductor Q factor (quality factor) significantly affects circuit performance. Check Q at operating frequency.",uncovered-authorable,references/domains/component-selection.md,,Inductor Q vs frequency
THM_DISS_001,Thermal,Major,Calculate component power dissipation,Calculate heat generated by each power-dissipating component. This is required for thermal design and selecting appropriate cooling solutions.,uncovered-authorable,references/domains/thermal-and-emc-workflow.md,,Estimate Tj = Ta + Pd·θja from component actual Pd; verify Tj <= Tj_max - 20°C margin (allowable Pd_max = (Tj_max - Ta) / θja)
THM_RISE_001,Thermal,Major,Verify temperature rise is acceptable,Calculate expected temperature rise for each power-dissipating component and verify it stays within operating limits including safety margin.,out-of-band,references/domains/thermal-and-emc-workflow.md,,Tj margin >=20°C - thermal sim
THM_HEAT_001,Thermal,Major,Add heatsink when temperature exceeds limit,"If calculated temperature rise exceeds limits, add heatsink, use larger package, or implement other thermal management to reduce junction temperature.",out-of-band,references/domains/mechanical.md,,Heatsink mechanical spec
THM_COOL_001,Thermal,Minor,Consider forced air cooling for high heat designs,"For designs with significant total power dissipation where passive cooling is insufficient, consider active cooling with fans or blowers.",out-of-band,references/domains/mechanical.md,,Forced-air CFM calc
THM_SPREAD_001,Thermal,Minor,Spread heat-dissipating components across PCB,"When not using heatsinks, distribute power-dissipating components across the PCB area to avoid localized hot spots and improve heat spreading.",future-design-review,phase-3b-audit,board.thermal_distribution(),Heat-dissipating components spread
MEC_OUTLINE_001,Mechanical,Major,Verify board outline and mounting holes,Board outline dimensions and mounting hole locations must match the enclosure and mechanical mounting requirements. Verify against mechanical drawings.,out-of-band,references/domains/mechanical.md,,Board outline vs enclosure - 3D fitment
MEC_HEATSINK_001,Mechanical,Major,Verify heatsink fitment,"Components requiring heatsinks must have adequate clearance for heatsink mounting. Verify heatsink footprint, height, and mounting hardware.",out-of-band,references/domains/mechanical.md,,Heatsink mechanical clearances
MEC_UI_001,Mechanical,Major,"Check button, display, and connector locations","User interface elements (buttons, LEDs, displays, connectors) must be positioned for accessibility through the enclosure. Verify alignment with cutouts and windows.",out-of-band,references/domains/mechanical.md,,Button/display/connector vs enclosure cutouts
MEC_HEIGHT_001,Mechanical,Major,Verify component height restrictions,All components must fit within the available height envelope of the enclosure. Check both top and bottom side component heights.,future-design-review,phase-3b-audit,board.component_height(component),Tall components away from edges/moving parts
PWR_DECPL_005,Power,Major,Decoupling capacitors need dedicated ground via,"Each decoupling capacitor should have its own dedicated via to the ground plane, placed close to the capacitor ground pad. Sharing vias increases inductance.",future-design-review,phase-3b-audit,board.ground_vias_near(pad),Dedicated GND via per cap - layout introspection
HS_CRIT_001,HighSpeed,Major,Reserve space for critical signal traces,"During component placement, reserve adequate routing channels for critical signals including RF, crystal oscillator, high-speed differential, and sensitive analog traces.",out-of-band,references/domains/high-speed-si.md,,Reserve channels near clock sources - layout-planning practice
HS_SHORT_001,HighSpeed,Minor,Keep component connections short,"Place components to minimize critical trace lengths. Short traces reduce parasitic inductance, capacitance, and susceptibility to noise pickup.",future-design-review,phase-3b-audit,board.trace_length(net),Driver-receiver <50mm
EMC_AGG_001,EMC,Major,Separate aggressors from sensitive circuits,"Keep noise-generating circuits (switching power supplies, digital clocks, motor drivers) physically separated from noise-sensitive circuits (analog inputs, RF, oscillators).",future-design-review,phase-3b-audit,"board.distance(component_set, component_set)",Noise sources >=50mm from sensitive
HS_CROSS_001,HighSpeed,Minor,Minimize crossing signal traces,Logical component placement minimizes signal crossings and reduces the need for vias and layer changes. Plan placement to align signal flow.,future-design-review,phase-3b-audit,board.trace_crossings(),Minimize trace crossings
DFM_LIB_001,DFT+Mechanical,Critical,Print 1:1 scale and verify footprints,Print PCB layout at 1:1 scale and physically verify component footprints before manufacturing. Place actual components on printout to confirm fit.,covered,jitx-component-modeler,,Footprint vs datasheet 1:1 - datasheet authority
DFM_LIB_002,DFT,Critical,Verify pin and pad numbers against datasheet,"Footprint pin numbering must match the component datasheet exactly. Pin 1 location, numbering direction, and thermal pad connections must be verified.",covered,jitx-component-modeler,,Symbol pinouts match datasheet
DFM_LIB_003,DFT,Critical,Check connector pinout orientation,Connector pinouts can easily be mirrored or rotated incorrectly. Verify orientation matches mating connector and cable expectations.,covered,jitx-component-modeler,,Connector orientations / keying
HS_STACK_001,HighSpeed,Critical,Each signal layer needs ground reference plane,Every signal routing layer must have an adjacent ground plane layer for controlled impedance and proper return current paths. Signals without reference planes have undefined impedance.,covered,jitx-substrate-modeler,,Adjacent ground reference plane on every signal layer
HS_STACK_002,HighSpeed,Major,RF and high-DR circuits need 4+ layers,Designs with RF circuits or high dynamic range analog require minimum 4-layer stackup with both inner layers as ground planes for proper shielding and signal integrity.,covered,jitx-substrate-modeler,,"RF/>500Mbps: min 4 layers, 6 preferred"
DFM_VIA_003,DFT,Advisory,Via size greater than 0.3mm keeps cost low,Via drill sizes below 0.3mm typically increase fabrication cost. Use standard via sizes unless signal integrity or density requires smaller vias.,covered,jitx-substrate-modeler,,Via diameter >=0.25mm - Via definition
DFM_TRACE_004,DFT,Advisory,Trace and clearance greater than 0.15mm keeps cost low,Trace widths and clearances below 0.15mm (6 mil) increase fabrication cost and reduce yield. Use standard design rules unless routing density requires tighter tolerances.,covered,jitx-substrate-modeler,,Cost-effective min 0.15mm - fab constraints
EMC_PLANE_002,EMC,Critical,Minimize holes and slots in ground planes,"Holes and slots in ground planes disrupt return current paths and create EMI. Scattered vias are acceptable, but avoid creating continuous slots or walls of vias.",future-design-review,phase-3b-audit,board.plane_splits(layer),Minimize plane splits; stitching across
HS_SENS_001,HighSpeed+Analog,Major,Route sensitive signals with care,"Sensitive signals (sensors, microphones, RF, crystal oscillators, reset lines) require careful routing with adequate clearance from noise sources and proper shielding.",future-design-review,phase-3b-audit,"board.guard_trace(net), board.adjacent_ground(net)",Guard traces or dedicated GND plane for sensitive signals
HS_CLK_002,HighSpeed+EMC,Major,Keep digital clock traces short to reduce EMI,Digital clock signals are primary EMI sources. Keep clock traces as short as possible to minimize radiation and crosstalk to other circuits.,future-design-review,phase-3b-audit,board.trace_length(net),Short clock traces for EMI
EMC_VIA_003,EMC,Critical,Each ground connection needs its own via,Ground connections for high-frequency circuits must have dedicated vias. Sharing ground vias between components increases inductance and degrades performance.,uncovered-authorable,references/domains/emc-esd.md,,Own via per ground connection - rule expressible
DFT_TP_003,DFT,Major,"Test points for voltages, currents, and signals","Add test points for all power rails, key signals, and current monitoring points to enable testing, production validation, and debugging.",uncovered-authorable,references/domains/dft.md,,Named test points for key signals
DFT_GND_003,DFT,Minor,Ground measurement point for probing,Provide a convenient ground attachment point near test areas for oscilloscope ground clip or probe ground connection.,future-design-review,phase-3b-audit,board.probe_access(net),Dedicated GND measurement pad
DFT_DRC_002,DFT,Critical,Run layout DRC before release,Design Rule Check must be run on the layout before releasing for fabrication. All errors must be resolved or explicitly waived with documented justification.,future-design-review,phase-3b-audit,board.drc_violations(),Layout DRC pass
DFT_CONN_001,DFT,Critical,Run connectivity check before release,Verify all schematic nets are properly connected in the layout with no unrouted connections or missing nets. This is typically part of DRC but critical enough to verify separately.,covered,jitx,,Netlist vs layout connectivity - JITX builds layout from same model. JITX note: the netlist is the code; there is no separate schematic to reconcile against the layout
DFM_FID_002,DFT,Major,Place fiducial marks for assembly,Add fiducial marks for automated pick-and-place alignment. Minimum 3 fiducials in an asymmetric L-pattern for proper board orientation detection.,out-of-band,references/domains/dfm.md,,Fiducial first-article photo
DFM_LABEL_001,DFT,Minor,Add board identification text and version,"Include board name, revision number, date, and company name in silkscreen for identification and traceability throughout the product lifecycle.",out-of-band,references/domains/dfm.md,,Board ID silkscreen text
DFM_LAYER_001,DFT,Minor,Add layer markers for identification,Add unique markers on each copper layer to verify correct layer stackup during manufacturing and to identify layers during debugging.,covered,jitx-substrate-modeler,,Stackup layer markers
DFM_BOM_001,DFT,Minor,Add manufacturer order codes to all parts,BOM must include manufacturer part numbers and/or distributor order codes for all components to enable accurate procurement.,partial,jitx/references/parts-sourcing.md,,"BOM with distributor PNs - sourcing doc exists, not enforced"
DFM_VIA_004,DFT,Minor,Avoid smallest via size everywhere,Using the smallest available via size throughout the design reduces reliability. Reserve small vias for high-density areas and use larger vias where space permits.,covered,jitx-substrate-modeler,,Avoid smallest via everywhere
DFT_TP_004,DFT,Advisory,Name test points for identification,Label test points with their signal name or net name in silkscreen to save time during measurements and debugging.,out-of-band,references/domains/dft.md,,TP silkscreen labels - silkscreen content
DFM_PASTE_001,DFT,Major,Check paste layer for correct pads,"Verify solder paste stencil openings are correct for each component. Some pads should not have paste (thermal vias, test points), while others require modified apertures.",future-design-review,phase-3b-audit,board.paste_coverage(pad),Paste layer pad coverage
DFM_COPPER_001,DFT,Minor,Check copper balance for PCB reliability,Significant copper imbalance between PCB layers can cause warping and delamination during reflow. Balance copper distribution across layers.,future-design-review,phase-3b-audit,board.copper_balance(layer),Copper balance for warp prevention
DFM_COURT_001,DFT,Major,Check courtyard spacing for assembly,Component courtyards (assembly outlines) must not overlap to ensure pick-and-place machine access and prevent component interference.,future-design-review,phase-3b-audit,board.courtyard_overlap(),Component courtyard spacing
DFM_TRACE_005,DFT+Power,Major,Verify trace width for current capacity,"Power and signal traces must be adequately sized for their current load. Undersized traces overheat, causing damage or fire hazard.",partial,jitx-substrate-modeler,board.trace_current_capacity(net),Trace width sized for voltage drop I·R <=20 mV at full load current; derate IPC capacity to 50%
DFT_BUILD_001,DFT,Advisory,Assemble prototype PCBs before production,Build and test prototype PCBs before committing to production quantities. Prototype assembly reveals design issues that cannot be found in review.,out-of-band,,,Assemble prototype before production - process
DFT_MEAS_001,DFT,Major,Measure all parameters during validation,"Measure and verify all design parameters meet specifications during prototype testing. This includes power consumption, signal timing, analog performance, and thermal behavior.",out-of-band,,,Measure parameters during validation - process
DFT_PROD_001,DFT,Major,Validate design before full production,Confirm design meets all requirements through comprehensive testing before committing to production volume. Include environmental and reliability testing as appropriate.,out-of-band,,,Complete validation before production - process
AERO_VIB_001,Aerospace+Mechanical,Critical,High-mass components in aerospace vibration environments need mechanical retention beyond solder fillet,"Components with mass above approximately 3 g (relays, radial electrolytics, large inductors, modules, crystals on tall lead frames) cannot be retained by their PCB lead solder fillets alone in aerobatic, rotorcraft, or other high-vibration aerospace environments. Sustained loading at +6/-3 G with 10-500 Hz random vibration per IEC 60068-2-6 will fatigue-crack the leads at the solder meniscus within hundreds of hours, leading to lead fracture, intermittent contact, and foreign-object debris. Retention can be RTV staking (most common), epoxy potting, mechanical clamps, or straps depending on component mass and serviceability. Tooling note: component mass and vibration profile are not currently emitted by tools/kicad-export.py and must be sourced from datasheets or supplied as user metadata; this rule is a checklist-for-human item rather than auto-detected. Automotive, rail, and industrial vibration profiles are out of scope here -- the aerospace_application gate prevents this rule from labeling those domains.",evidence-required,references/domains/safety-critical.md,board.staked_components(),Two-stage: needs component-mass evidence (BOM/datasheet field) for the >3g threshold AND board.staked_components() introspection for the staking-present check; mass data is the binding gate at authoring time
AERO_SLD_001,Aerospace+Component,Critical,"Class 3 aerospace assemblies must use eutectic Sn63/Pb37 solder, not SAC305 lead-free","Lead-free SAC305 solder fails two requirements common to Class 3 aerospace and military assemblies: pure-tin surfaces grow conductive whiskers that bridge fine-pitch features over time (especially at low humidity / high mechanical stress), and SAC305 joints are significantly more brittle than Sn63/Pb37 under deep thermal cycling and at temperatures below -40 °C. IPC J-STD-001 Class 3 (and the Class 3 / Pb-bearing exemption) explicitly retains leaded solder for high-reliability applications. Component lead finishes should be matte tin per JESD201 Class 1A or hot-air-leveled tin-lead, not pure tin reflow. The Vishay 'E3' / 'M3' suffix and equivalent vendor designators meet the JESD201 whisker-test requirement. Tooling note: solder alloy, IPC class, and lead-finish whisker qualification are not extractable from tools/kicad-export.py -- these conditions must be sourced from the BOM, fab notes, and component datasheets, and are checklist-for-human items rather than auto-detected.",evidence-required,references/domains/safety-critical.md,,Sn63/Pb37 for Class 3 - requires BOM/fab-note evidence; not circuit-graph checkable
AERO_RPP_001,Aerospace+Power,Critical,Aircraft DC-bus boards must have active reverse-polarity protection,"Aircraft 12 V or 28 V buses are field-serviced and field-jumped; an installer connecting battery in reverse, or jumping from another aircraft with opposite polarity, is a design-level certainty over the life of the board. Without active reverse-polarity protection, the first such event destroys downstream electronics. A bare Schottky diode in series works but wastes ~0.4 V (~3 W at 8 A continuous, plus a heat sink), and its open-failure mode disables the load. The preferred topology is an ideal-diode controller (TI LM74700-Q1, ADI LTC4376, MAX17612, etc.) driving an external low-Rds(on) N-MOSFET — the FET's body diode handles the moment of polarity reversal while the controller turns the FET fully on for the normal-polarity steady state, dissipating only I²·Rds(on) (typically <0.1 W).",uncovered-authorable,references/domains/safety-critical.md,,Active reverse-polarity controller for aircraft DC
AERO_TVS_001,Aerospace+EMC,Critical,Active rectifier ICs on aircraft DC bus need ISO 7637-2 / DO-160 input TVS clamping,"Aircraft electrical systems generate input transients that exceed any sane IC absolute-maximum rating: alternator field-decay (load dump) on a 28 V bus produces 80-100 V pulses lasting hundreds of milliseconds with hundreds of millijoules of energy; lightning-induced transients per DO-160 §16-22 can be larger still. An unprotected ideal-diode controller's ANODE pin (e.g. LM74700-Q1 absolute-max 80 V) or its EN pin will breakdown and destroy the IC and likely the FET it drives. ISO 7637-2 pulse 5b is the canonical automotive equivalent test the controller datasheets reference; aerospace boards installed in piston-engine aircraft with belt-driven alternators see the same transient family. The mitigation is a bidirectional TVS placed within ~50 mm of the controller's ANODE pin, sized so its clamp voltage stays below the IC absolute-max even at peak load-dump current, and stitched to the GND plane with multiple low-inductance vias.",uncovered-authorable,references/domains/safety-critical.md,,Bidirectional TVS for aircraft transients
AERO_TERM_001,Aerospace+DFT,Major,Field-serviceable terminals must be masked during conformal coating,"Conformal coatings (HumiSeal 1A33A, MG Chemicals 422C, etc.) are insulating polymers that prevent any subsequent solder or screw-clamp joint from making electrical contact. Aerospace boards routinely combine blanket-coated assemblies with field-serviceable terminals (turret posts, screw blocks, battery clips, harness connectors) that must remain bare. Failing to mask these terminals during the coat step produces a board that physically cannot be wired in the field — the ring-lug or screw clamp seats on insulating polymer instead of brass. Re-work requires localized solvent stripping or hot-air burn-through, which often damages adjacent passives. The mask must also cover NPTH mounting holes whose copper inner annulus contacts the chassis screw head metal-to-metal. Tooling note: conformal-coating spec, masking documentation, and identification of user-serviceable terminals are process metadata not currently extractable from tools/kicad-export.py; these conditions must be supplied from the fab work order and assembly drawing, and are checklist-for-human items rather than auto-detected.",out-of-band,references/domains/safety-critical.md,,Conformal-coat masking - process
AERO_GND_001,Aerospace+EMC,Major,Aircraft DC boards: single-point chassis ground; NPTH mount holes need copper keepout on all layers,"Aircraft DC systems are not earth-referenced like terrestrial AC equipment — chassis ground is a return path for the airframe DC negative bus only, and is intentionally separated from PCB signal ground except at one designated bonding point (typically the GND turret terminal). When PCB GND is also connected to the chassis through unkeepout copper around mounting holes, the mount screws become parallel ground returns. Each screw is then a low-quality intermittent contact (vibration loosens it, corrosion increases its impedance) carrying portions of the digital and motor return currents. The result is unpredictable ground potential differences across the board, EMI radiated from the loops formed by the multiple paths, and accelerated screw corrosion (galvanic action between the brass screw and the tin-plated PCB copper). The fix is a copper keepout zone around every NPTH mounting hole on every layer, sized larger than the screw head + lockwasher OD, so the chassis screw hardware never contacts board copper. This rule is gated on aerospace_application -- terrestrial AC-grounded equipment (servers, industrial PLCs, automotive ECUs) intentionally bonds chassis to signal GND through mount holes for ESD return and is out of scope. Tooling note: aerospace context, chassis-mount style, and copper-keepout geometry around NPTH holes are not currently emitted by tools/kicad-export.py; these conditions are supplied as user metadata or visually inspected from the layout.",future-design-review,phase-3b-audit,board.copper_keepout(net),Chassis-GND single-point: 4mm copper keepout around mount holes
